user,movie,rating
595,1735,3.0
534,2940,4.0
1024,664,2.0
1076,703,3.5
35,914,4.5
389,2360,4.0
67,772,5.0
11,927,4.0
84,2926,3.0
11,1339,4.0
189,830,3.0
226,2037,3.5
718,321,3.0
864,2948,2.5
574,1447,2.5
644,1760,5.0
393,2413,3.0
90,2299,5.0
159,1569,2.5
1021,2996,2.0
595,2072,2.0
756,143,5.0
67,2110,4.0
216,2602,4.0
921,2659,3.5
286,1395,3.0
533,2514,3.5
551,2509,3.0
219,2127,4.0
728,200,1.5
718,372,0.5
575,2772,2.5
76,2284,1.0
187,1270,5.0
392,1540,3.5
424,416,2.5
95,612,4.0
250,466,3.5
319,2372,5.0
134,1299,4.0
41,407,5.0
250,2060,4.0
214,1784,3.0
595,2338,3.0
847,1787,2.0
995,422,2.0
145,1152,0.5
301,1603,3.5
174,2361,2.0
663,1174,2.5
106,2200,2.5
197,1206,4.0
1016,2867,3.0
305,2056,3.5
476,1520,3.5
705,463,3.0
754,397,2.0
595,1384,3.0
389,1060,4.0
595,2749,2.5
47,275,4.0
197,1820,1.0
44,1748,4.0
250,54,3.0
13,1074,4.0
882,455,4.0
732,1108,3.5
22,1560,2.0
1057,716,3.0
922,220,2.0
488,2088,1.5
334,2956,5.0
10,578,3.5
415,987,3.0
398,2643,3.0
11,2024,5.0
392,2162,3.0
215,110,4.0
490,2434,3.5
22,1537,4.0
127,2358,3.0
946,1199,5.0
18,972,4.0
864,651,3.0
180,2795,3.5
398,1228,3.5
669,1661,3.5
595,1526,2.0
426,1438,0.5
595,1921,3.0
819,107,4.0
226,1768,2.5
486,2536,3.0
22,929,3.0
269,2043,3.0
533,1410,4.5
922,2995,3.5
95,900,2.0
1080,197,3.0
233,565,4.0
347,628,4.5
742,216,4.0
257,1563,3.5
819,356,3.0
491,2968,4.0
875,500,2.5
758,129,0.5
6,1600,2.5
509,2379,3.0
22,776,4.0
106,2131,2.5
669,2125,3.5
531,2676,3.5
13,816,0.5
777,1198,3.0
595,1471,2.5
11,975,4.0
899,613,4.5
75,2491,3.0
864,138,3.5
898,528,1.5
852,388,2.0
152,909,2.0
909,234,0.5
106,2942,2.5
445,2511,3.0
669,2724,2.0
3,1178,4.0
533,1038,4.0
18,1811,4.0
735,2603,2.5
295,814,1.5
509,1477,3.5
595,1853,3.0
837,1955,4.0
595,2180,3.5
595,2266,4.0
563,2440,2.5
595,1553,3.5
808,2481,2.5
595,1393,2.5
14,1394,3.5
46,709,0.5
627,2476,2.0
117,873,2.0
80,865,2.0
380,1999,5.0
106,2078,3.0
106,2497,3.0
197,2111,1.0
407,2744,4.5
875,723,3.5
114,1868,2.0
846,2667,3.5
595,1111,2.0
1077,560,2.5
270,1312,4.0
922,370,2.0
283,2087,5.0
335,1233,2.5
335,2769,0.5
329,1756,3.0
490,2596,3.5
134,2912,3.5
11,1294,5.0
575,2725,0.5
139,1739,2.5
23,836,2.0
180,586,2.0
189,1515,3.0
226,2563,4.5
899,605,5.0
595,2597,3.0
106,1372,3.5
174,1927,1.0
1038,557,0.5
649,2571,4.0
93,2411,4.5
811,102,2.5
10,1964,4.0
753,2415,2.5
595,1,3.0
248,1850,3.5
879,444,0.5
126,1950,4.5
22,864,2.0
819,1475,3.0
946,1613,4.0
39,1781,4.0
331,1426,2.5
973,687,3.5
595,1026,3.0
1025,704,4.0
134,897,3.0
486,1406,4.0
80,844,3.0
647,2690,0.5
392,361,3.0
587,1840,0.5
197,2007,4.0
95,2705,3.0
212,2505,4.0
331,2805,3.0
712,233,4.0
78,1692,3.0
594,1050,4.0
21,1310,3.0
586,2971,2.0
264,1854,5.0
242,1783,3.0
709,2720,4.0
40,994,5.0
767,1190,3.5
334,943,3.0
490,409,2.5
590,607,4.0
226,1776,3.0
805,2378,3.5
805,1839,2.0
7,1782,2.0
864,477,3.0
595,1780,3.0
398,1057,4.0
303,1459,3.0
226,18,4.0
296,1327,4.0
458,2459,3.5
36,2301,2.5
679,680,2.5
13,833,4.0
229,1497,4.0
533,1894,5.0
389,2018,4.0
71,1262,4.0
804,2796,4.0
632,2449,2.0
37,849,4.0
181,1403,3.5
135,1150,3.0
189,2619,4.0
48,2233,1.5
540,1545,3.5
829,210,3.5
911,2510,3.0
289,1080,1.5
864,621,3.5
144,2965,5.0
479,2176,4.0
595,1647,3.0
864,701,3.0
595,1382,3.5
11,1922,5.0
919,302,2.5
486,2014,4.0
533,1120,5.0
72,813,2.0
106,2108,2.5
333,1584,3.0
465,2777,4.0
509,2799,3.0
897,2539,4.0
568,954,3.0
1048,654,4.0
864,344,3.5
531,207,3.0
708,2927,4.0
508,2496,2.0
540,1043,3.5
76,1796,4.0
36,920,3.0
234,1533,4.0
268,1398,1.5
830,1641,4.0
1051,531,3.0
36,874,2.0
533,2788,4.5
344,1874,3.0
454,2179,4.0
804,147,3.0
106,2562,2.5
63,1558,5.0
285,1290,4.0
36,2105,3.0
595,2652,3.5
864,286,2.5
94,2229,4.0
595,1795,3.5
476,1453,4.0
635,523,2.5
880,468,3.0
864,2715,3.0
898,527,3.0
256,1089,0.5
490,591,3.5
1064,474,4.0
1062,472,3.5
90,1300,5.0
405,2377,4.0
540,1548,3.0
389,1077,3.5
13,2161,4.0
864,596,2.5
336,239,4.0
22,858,3.0
864,122,3.5
691,794,2.0
893,2353,1.5
668,52,3.0
226,2003,3.5
208,1901,4.5
692,576,3.0
145,901,1.0
22,1055,3.0
268,757,3.0
104,2889,2.0
200,1618,4.0
595,2726,3.0
604,6,2.5
37,854,5.0
36,1924,2.0
72,678,5.0
805,1112,2.5
167,2450,2.5
35,1288,3.0
361,2230,2.0
788,1172,3.0
59,2235,4.0
94,2262,4.0
547,2682,5.0
411,2793,3.5
171,1493,2.0
595,1356,2.0
516,1923,5.0
145,882,3.0
80,544,3.0
18,881,2.5
50,1764,3.0
961,51,3.0
608,401,5.0
490,2386,2.5
106,2261,3.5
958,414,5.0
334,2941,3.0
506,958,1.0
159,1275,3.0
595,2626,3.0
284,1996,2.5
864,627,3.0
438,893,3.0
36,2765,3.0
26,2065,5.0
595,1535,3.0
66,580,5.0
227,2296,3.5
11,2993,5.0
10,88,4.0
104,1321,2.0
76,810,2.0
80,1871,4.0
11,1313,2.0
792,206,2.5
426,1431,0.5
171,1238,2.0
984,432,4.0
805,2425,4.0
122,1742,1.5
805,1019,3.0
595,2433,3.0
595,1485,2.5
811,64,2.0
82,2303,3.0
750,419,2.5
208,503,4.0
37,1302,5.0
930,2392,4.5
493,1156,5.0
765,1771,3.5
238,1697,4.0
332,2797,2.0
208,194,3.0
80,629,3.0
595,2330,3.5
387,2458,3.0
595,1843,3.0
106,2243,1.0
891,539,3.5
7,912,2.0
864,227,3.0
763,201,3.5
389,589,4.0
374,2789,5.0
7,312,5.0
925,682,4.0
595,2880,3.0
714,1637,4.0
451,2154,3.5
10,2430,3.5
864,496,3.0
533,2302,4.5
903,700,3.0
864,789,3.0
595,2521,3.0
7,1511,5.0
302,1470,4.0
119,2823,3.0
765,289,2.0
286,2482,4.5
953,324,2.0
811,276,3.0
195,1576,3.5
987,762,4.0
873,251,3.5
595,1039,3.5
424,2556,3.5
746,2209,4.0
372,2818,1.0
647,1544,0.5
423,2920,4.5
57,42,5.0
602,1675,3.0
903,179,3.0
900,2480,5.0
578,1884,4.0
308,809,4.5
509,2918,4.0
411,2042,3.5
864,279,4.0
46,2810,0.5
91,808,3.0
604,114,2.5
955,546,2.5
596,2295,4.0
36,2994,3.5
876,60,4.0
922,229,1.5
579,2477,3.5
76,839,2.0
9,1505,5.0
711,1229,0.5
419,2903,1.5
750,1182,4.0
740,158,3.0
614,1934,4.0
766,2213,3.0
413,1042,3.0
750,2508,3.0
529,185,3.0
76,1721,4.0
609,2647,2.0
167,626,4.0
94,1003,2.0
247,1971,3.5
226,2974,2.5
101,2892,3.0
851,2594,3.0
811,2461,3.0
595,126,3.0
90,1314,3.0
567,2593,5.0
36,1155,3.0
13,2447,4.0
1006,58,1.0
10,2145,2.5
864,2620,1.5
398,5,2.5
658,393,4.0
408,871,1.0
276,2967,1.0
786,2169,3.5
226,1559,4.0
226,1437,4.5
954,73,4.5
11,1216,3.0
392,1517,3.0
864,775,3.0
539,136,3.0
972,1259,3.0
933,1594,2.0
244,520,3.0
928,1460,3.0
265,1740,1.0
389,2700,4.0
37,2868,4.0
911,272,3.0
197,1623,3.0
14,2534,4.5
595,91,3.0
226,1719,3.0
804,715,3.5
483,902,4.0
91,935,3.0
970,67,4.0
548,1910,1.0
226,1587,3.5
13,435,1.0
355,1251,3.5
394,817,1.0
286,1047,3.0
922,264,3.0
533,2812,4.0
859,2324,3.0
76,1049,4.0
104,2141,1.0
595,1813,3.0
208,617,4.0
389,180,3.5
595,2259,3.5
796,2794,0.5
11,2421,2.0
503,1966,5.0
360,2381,3.0
3,659,4.0
73,1297,4.0
22,1316,5.0
442,2804,3.0
280,1147,3.0
14,1397,5.0
80,1276,3.0
811,44,1.5
595,2589,3.5
92,1330,2.0
389,1336,3.5
377,2064,4.0
41,2288,5.0
595,1048,2.0
35,2305,3.0
680,1688,3.0
886,2558,3.5
571,562,1.0
628,487,1.0
320,1866,4.0
1039,334,4.0
595,1072,3.0
90,2914,4.0
314,2734,3.0
864,423,3.0
173,1231,4.5
171,1899,2.5
534,1409,3.0
748,2762,0.5
341,2540,4.5
595,174,3.0
504,1455,5.0
595,2525,3.0
278,1995,3.5
180,2584,4.0
719,223,5.0
967,2321,4.5
134,640,3.0
663,518,2.5
435,2181,4.5
197,1527,3.0
189,2984,5.0
106,1849,3.0
907,345,4.5
864,376,2.0
1008,788,3.5
536,1160,5.0
189,812,3.0
226,2814,3.5
22,995,2.0
245,932,3.0
76,1794,3.0
1059,226,5.0
11,244,4.0
989,383,4.5
707,373,2.5
297,1975,3.0
71,2921,3.5
87,1621,4.0
864,693,3.5
137,806,5.0
971,269,3.0
7,1667,2.0
411,1895,3.0
864,717,3.0
182,2958,4.0
400,1903,1.5
609,2891,4.0
22,908,3.0
85,886,1.0
170,1892,5.0
106,1657,2.0
864,420,3.5
290,1073,4.5
943,2864,3.0
595,1612,3.5
750,1424,2.5
549,2310,3.0
193,1494,2.5
8,692,0.5
398,1131,5.0
753,27,3.0
226,1293,3.5
882,8,3.5
325,1338,3.5
534,336,4.5
807,738,4.0
494,2963,2.5
76,1586,4.0
848,215,3.5
595,2082,2.0
788,656,4.5
595,2297,3.0
208,1715,5.0
985,2989,2.5
231,1857,4.0
602,2561,3.0
201,2246,0.5
943,634,3.0
803,516,2.5
1073,1230,5.0
593,394,3.5
157,1407,2.5
311,2856,4.5
556,1212,3.5
673,2112,2.5
1048,342,2.5
522,2117,3.0
106,2160,3.5
130,1708,3.0
864,2714,4.0
901,696,1.5
20,1788,1.0
327,936,2.0
399,1360,3.0
595,941,2.5
294,1980,3.0
544,2998,3.5
1005,258,0.5
104,1482,4.0
712,517,3.5
1035,601,3.0
566,710,1.0
22,953,3.0
26,2861,4.0
850,425,2.5
918,467,3.0
666,802,2.0
22,915,4.0
528,389,4.5
89,2820,3.0
226,479,3.0
605,1268,1.0
344,1159,3.5
754,545,3.5
36,1552,3.5
393,2178,3.5
603,2869,4.5
37,977,4.0
507,2544,5.0
340,2498,3.0
74,1653,3.0
595,2755,2.5
937,2866,3.5
72,1132,5.0
595,159,3.0
334,1916,3.0
534,1179,3.5
864,349,2.5
813,451,5.0
33,2550,5.0
226,2935,5.0
1061,2666,1.5
80,1295,3.0
276,1307,2.0
278,1859,4.0
11,905,4.0
553,2922,3.5
586,2758,4.5
533,1504,4.5
271,2736,4.5
189,930,2.0
389,1271,4.0
32,32,4.0
35,410,3.5
434,2306,2.0
595,1357,3.5
750,499,4.0
1075,754,4.5
208,828,3.0
864,2946,4.0
595,2530,3.5
518,1252,0.5
338,2132,5.0
823,212,3.0
655,1928,4.0
472,2326,3.5
652,1063,3.5
750,2677,3.5
71,1207,4.0
656,1480,3.5
226,2143,4.0
755,547,3.0
289,1226,2.5
450,2281,2.0
595,1387,3.0
209,392,4.5
306,2279,4.0
80,1315,1.0
40,917,5.0
1006,62,3.0
905,2443,2.5
256,1221,3.5
870,2076,3.0
595,1799,3.0
22,1606,4.0
917,250,1.0
396,2356,4.5
42,1554,4.0
115,1256,3.0
490,483,2.5
376,1757,0.5
13,1985,2.5
389,1616,4.5
554,281,4.0
448,2391,2.5
299,1720,5.0
533,2294,3.5
286,2757,3.5
462,1634,2.0
805,1200,3.0
13,1367,3.5
599,2896,3.5
50,1751,3.0
509,66,2.5
146,1710,3.0
464,1388,4.5
706,1194,3.5
631,45,5.0
566,609,1.5
816,38,4.0
316,413,4.0
389,1371,3.5
146,639,3.0
844,221,0.5
107,1805,2.0
183,2344,2.0
899,606,4.5
106,2684,2.5
818,2163,0.5
890,1087,4.0
509,2049,3.0
11,820,4.0
542,1909,4.0
151,1085,4.5
595,1053,3.0
226,1094,4.0
22,951,3.0
638,2638,4.5
470,1188,5.0
595,1031,3.0
595,1645,3.0
666,804,3.0
76,620,1.0
864,2970,2.5
431,462,3.0
595,2611,3.5
1070,2516,3.5
864,2473,3.0
595,1427,3.0
595,2672,3.5
843,2876,2.0
28,1009,5.0
612,406,3.5
238,1951,3.0
595,2675,3.0
226,1129,2.5
49,1542,3.5
922,488,2.0
861,355,2.5
1023,2924,3.5
279,752,2.0
595,1698,3.5
441,2341,4.0
288,111,3.5
73,1959,4.0
104,1747,3.0
923,756,1.5
22,2201,2.0
816,519,4.0
332,128,5.0
730,306,2.0
239,1257,4.0
840,1823,1.0
601,2004,3.0
741,441,4.0
754,570,4.0
776,2954,3.5
980,2663,4.0
595,1435,3.0
160,2009,4.0
76,1405,2.0
384,1308,3.0
35,1522,3.0
595,1487,3.5
486,2139,3.5
146,736,4.0
47,2005,4.5
421,2252,4.0
550,2834,2.5
389,585,4.0
1035,280,4.0
864,602,3.0
232,1898,4.0
790,514,4.0
595,1092,2.0
570,743,3.0
616,2879,2.0
911,24,1.0
35,327,2.5
839,131,3.5
92,1283,5.0
10,161,3.5
476,1690,4.0
461,1662,3.5
595,1607,2.0
191,1326,1.0
562,2231,1.0
180,2748,3.5
13,2632,0.5
853,25,3.5
392,1539,3.0
589,838,1.0
561,2693,2.5
595,1875,3.0
595,2349,3.5
18,1496,4.5
647,311,0.5
857,2506,1.5
510,109,2.5
139,1389,3.0
595,2416,3.0
4,287,5.0
468,2815,4.5
750,217,3.5
344,2802,4.0
282,2174,1.0
25,1707,2.5
226,1722,3.0
136,1919,4.0
577,726,2.5
595,292,3.0
143,240,4.0
250,511,3.5
810,2999,3.0
440,1418,4.5
226,2523,2.0
864,2645,3.0
595,1091,3.5
817,777,4.0
864,86,3.5
1051,2553,3.0
251,20,2.5
712,2487,3.5
189,959,5.0
93,1273,5.0
595,2045,3.0
543,1005,5.0
389,2517,4.0
212,2031,4.5
848,49,3.0
854,2542,4.5
226,1030,4.0
141,2247,4.0
226,1464,3.5
353,1867,2.0
7,832,2.0
36,2097,4.0
533,2236,4.0
512,1125,4.0
864,476,2.5
188,1736,4.0
389,1017,4.0
800,399,4.0
393,2701,2.5
19,877,4.0
864,645,3.0
22,2028,2.0
146,1632,3.0
864,1807,2.5
11,1817,3.0
666,801,4.0
35,2149,1.5
81,1743,4.0
398,1414,4.0
135,1291,3.5
424,1498,4.0
291,2150,4.0
353,1473,1.5
130,1749,3.0
334,1983,5.0
12,2339,3.0
490,16,3.5
358,2397,4.0
864,2947,3.0
459,2955,2.5
595,2307,3.0
595,1949,3.0
180,2541,3.0
235,2371,4.0
117,872,2.0
22,834,2.0
440,2211,4.0
864,558,3.5
389,1462,4.5
255,1347,5.0
705,50,3.5
361,2084,2.5
750,2936,2.5
1037,391,2.5
864,308,3.5
596,1241,2.5
76,1419,4.0
2,1841,3.0
208,1001,4.0
167,2337,2.5
533,2250,4.0
1055,759,3.5
437,1167,3.0
80,1602,3.0
420,1725,1.0
389,1052,4.0
533,2190,5.0
22,993,4.0
538,1567,4.0
846,2478,3.0
36,974,4.0
417,2219,3.0
22,999,4.0
815,502,4.5
226,1506,3.0
913,2943,4.5
845,2441,3.0
1046,465,3.5
1058,2380,2.5
595,2331,3.0
532,1847,3.5
571,767,3.0
637,2639,3.5
864,473,2.0
76,888,2.0
222,2346,3.0
595,1128,3.0
11,1139,5.0
533,1098,5.0
389,2463,4.0
134,898,3.0
595,1815,3.5
424,2128,3.5
331,1015,2.5
36,784,2.0
1065,2878,3.5
159,1858,3.0
389,1046,4.5
471,2641,4.0
955,358,2.0
734,23,2.0
389,1379,4.5
595,1025,3.0
805,2129,2.5
606,2893,3.0
721,2134,2.0
816,2069,4.0
17,1452,1.0
8,1905,5.0
968,730,4.0
162,1724,4.0
948,116,2.0
595,1391,3.0
402,2012,4.0
50,2309,4.0
7,821,1.0
13,1716,5.0
864,549,3.5
227,2409,3.5
533,2182,3.5
864,674,2.5
165,1929,3.0
4,577,2.0
679,362,2.5
518,1130,0.5
32,415,3.5
490,2599,3.5
544,28,3.0
509,2059,3.5
3,947,4.0
91,1000,3.0
30,2850,3.5
31,939,4.0
22,829,3.0
856,2718,2.5
22,1325,3.0
397,1755,3.5
414,2751,3.0
765,1263,1.0
275,59,3.5
670,346,0.5
6,2784,1.5
227,2114,2.5
108,2829,4.5
29,418,4.0
22,1006,3.0
864,2086,3.5
811,151,2.5
436,2142,2.5
114,646,2.5
510,1474,3.0
621,403,2.5
261,1746,2.5
140,870,4.0
595,1451,3.0
27,333,4.0
22,1519,3.0
864,181,4.0
250,2817,4.0
805,2759,4.0
273,2093,4.0
788,2316,4.0
239,1578,2.5
80,2336,3.0
801,417,0.5
3,976,4.0
500,1175,4.5
519,1107,3.5
613,807,5.0
864,622,3.0
834,1789,3.5
827,154,5.0
602,170,3.0
1036,93,1.5
332,2033,2.0
7,603,4.0
765,2844,2.0
226,1699,3.0
595,2658,3.0
490,2095,2.0
474,1225,5.0
595,2618,3.5
432,1646,3.0
334,1947,4.0
486,742,3.0
539,2969,3.5
10,1508,3.5
667,1219,4.0
595,1891,2.0
899,326,0.5
10,1976,3.0
11,956,1.0
530,191,3.5
2,1729,3.0
833,81,3.0
240,2752,5.0
80,880,3.0
77,2987,3.0
805,2520,2.5
926,231,1.0
57,1844,3.5
226,1830,3.5
602,2177,3.5
226,661,3.0
700,176,4.5
104,907,4.0
401,1911,2.0
544,2764,3.5
53,491,3.0
106,1615,3.5
363,2636,3.5
927,725,3.0
27,904,3.0
711,1282,0.5
937,384,4.0
411,2256,3.0
253,2648,4.5
286,990,2.5
864,2807,2.0
595,1718,2.0
595,1668,3.0
765,782,4.0
398,1495,4.0
752,1467,5.0
992,652,3.0
134,1296,2.0
80,966,3.0
328,1022,4.0
39,1376,3.5
864,431,4.0
820,2883,3.5
750,1790,3.0
864,2937,5.0
922,230,3.0
31,856,4.0
142,1978,3.0
596,2848,3.0
11,323,5.0
782,2013,4.0
864,2953,3.0
598,1943,4.0
483,982,4.0
595,2631,3.0
754,1818,4.5
449,1738,3.0
288,255,4.0
36,2822,3.5
864,1821,3.5
226,1145,3.5
595,1622,3.0
15,1640,2.0
134,2092,4.0
983,238,3.0
247,2146,5.0
409,2605,3.5
384,2402,4.0
85,676,4.0
533,1343,4.0
850,426,3.5
634,1713,4.0
816,160,3.0
595,2738,3.0
7,1938,3.0
858,2439,3.5
894,245,1.5
864,623,3.5
470,1027,1.0
715,1176,3.5
76,282,5.0
527,553,1.0
31,2574,4.0
459,2407,3.0
389,1583,3.5
67,1289,1.0
138,971,4.0
327,2775,4.0
920,453,2.0
864,2944,5.0
80,152,3.0
226,1870,4.0
6,2058,4.0
595,1354,3.5
404,991,1.0
525,375,2.0
595,2790,2.5
923,2915,4.0
564,1214,4.5
595,1442,3.0
750,2975,2.5
250,1093,4.0
814,495,4.0
764,188,4.0
10,1861,4.5
864,2424,3.5
736,2855,3.5
130,1109,2.5
864,19,3.5
250,1192,4.5
595,2123,2.0
874,2916,3.5
42,1614,4.0
864,1149,3.5
104,1079,3.0
942,636,3.5
226,1877,3.5
104,992,3.0
193,1862,4.5
750,2642,3.5
595,1117,3.5
235,1499,3.0
138,1863,2.0
411,1078,4.0
454,2836,4.5
797,705,1.0
916,2479,2.0
1,2212,4.0
402,2908,2.0
350,2153,1.0
896,632,3.0
694,2245,1.0
849,653,4.0
41,989,4.0
11,968,4.0
1045,61,5.0
94,165,3.0
455,1071,4.0
344,2580,3.5
864,2469,4.0
864,572,5.0
666,780,3.0
1030,273,3.0
846,1609,4.0
226,1822,4.0
461,2226,2.5
135,1137,2.0
364,1468,3.0
952,769,3.0
490,2223,4.0
864,2854,3.5
10,2090,3.5
805,1385,2.0
910,381,1.0
41,837,4.0
490,2401,4.5
992,675,2.0
6,2109,4.5
280,2934,3.0
1020,798,3.0
392,40,2.5
595,722,2.5
580,1503,3.0
36,1373,3.0
114,2227,2.0
226,1636,4.0
346,412,4.0
1042,548,3.5
11,1351,4.0
53,2630,3.0
548,1285,3.5
535,2096,2.0
589,957,1.0
261,2022,1.5
535,823,3.0
862,2875,4.5
352,934,1.0
531,2779,5.0
533,2244,3.0
864,611,3.5
596,1835,3.5
76,906,3.0
534,2373,2.5
825,2616,3.0
864,508,3.5
236,1568,4.0
534,2100,4.5
112,1679,4.0
159,988,3.0
595,1203,3.5
595,1449,3.5
10,1896,3.5
334,2001,4.0
746,2205,4.5
104,2904,4.0
152,1524,5.0
660,2492,2.5
411,1714,3.0
868,386,2.5
810,2282,3.0
949,228,4.5
942,99,3.5
202,2053,4.0
148,2566,3.5
586,1885,4.5
533,1536,0.5
782,83,2.0
595,2193,2.5
670,12,0.5
675,2290,5.0
16,2569,5.0
177,235,4.0
476,2801,4.0
111,1304,3.5
1018,75,1.0
166,986,5.0
635,524,4.5
539,316,4.5
999,573,0.5
476,1803,5.0
476,665,3.0
433,2285,3.5
663,1246,4.0
754,2590,2.0
648,219,4.0
349,1581,2.0
616,707,2.5
864,732,3.0
811,1744,2.0
8,969,4.0
495,2877,1.0
106,2412,4.0
1040,746,5.0
595,2172,2.0
548,1444,3.0
670,2328,0.5
235,1184,4.0
595,2635,3.0
36,1479,3.0
393,2023,3.5
470,2754,1.5
483,2264,3.0
106,2846,3.5
490,1236,2.0
300,2685,3.5
4,2454,5.0
208,960,4.0
864,774,3.5
478,2214,4.5
490,204,3.5
335,1660,3.5
172,805,2.0
1028,751,3.5
1022,540,3.5
1007,2981,2.0
403,2985,4.0
694,2351,2.0
139,157,2.0
64,948,4.0
440,2423,4.0
1033,1266,0.5
708,1101,2.5
578,1237,3.0
11,556,5.0
98,2312,0.5
158,569,4.0
672,2222,0.5
104,1598,3.0
372,1102,2.0
22,1142,4.0
130,2512,3.5
495,183,3.0
135,1846,2.0
744,1380,5.0
226,2973,3.5
681,1235,4.0
303,1465,3.0
67,925,5.0
955,309,2.0
595,2122,3.0
187,1933,5.0
572,106,2.5
227,1706,4.0
22,1538,5.0
11,791,5.0
530,2376,4.0
488,427,4.0
104,1876,1.0
864,785,3.0
138,885,2.0
975,2687,3.0
22,1348,2.0
689,713,0.5
212,2816,3.5
286,2500,3.5
0,862,4.0
14,1906,4.0
216,1408,2.0
290,1116,3.5
104,1292,2.0
458,2292,3.5
208,851,3.0
22,559,4.0
11,686,2.0
275,2831,3.5
754,1054,4.5
175,521,5.0
546,1654,4.5
7,1946,2.0
429,2731,5.0
1034,534,2.5
70,1509,1.0
582,2925,3.0
345,2699,0.5
414,2040,2.5
184,2456,4.0
811,65,2.5
595,2835,3.5
20,2035,2.5
595,2359,3.0
104,919,1.0
22,824,3.0
459,2334,4.0
585,2207,2.5
539,1992,2.5
839,735,3.0
624,1574,2.0
944,1122,2.0
864,296,1.5
328,1547,3.5
62,1007,1.0
171,2313,2.5
37,1349,4.0
969,2298,3.5
106,2228,3.0
759,2568,3.5
339,952,3.0
53,2044,3.0
344,171,3.5
739,2074,1.5
312,983,3.0
344,1443,4.0
334,1514,3.0
864,744,4.5
226,1672,3.0
290,1900,3.5
458,446,3.0
36,1801,3.0
595,2674,3.0
804,1998,2.0
1027,638,0.5
36,2046,3.0
227,1392,0.5
389,1037,4.0
477,95,3.5
564,1472,4.5
883,727,1.5
860,146,4.0
82,2564,3.0
125,100,3.5
671,535,2.0
950,2808,3.0
530,294,3.5
46,1577,4.0
11,1993,4.0
908,341,0.5
88,1915,4.0
103,1267,3.0
704,2167,3.0
1032,2610,1.0
167,1741,3.0
353,2655,2.0
226,1222,3.5
581,2389,2.0
805,2320,3.0
963,543,3.5
595,2083,3.0
106,2900,4.0
595,1745,2.0
13,1800,4.5
595,1763,2.5
490,354,3.0
699,1649,3.0
688,402,3.0
57,2300,2.5
633,1492,0.5
389,1456,3.0
252,2068,3.0
678,1904,1.0
134,458,3.0
27,842,5.0
801,662,5.0
1054,351,3.0
864,684,3.5
334,1531,3.0
284,1914,3.5
772,2451,4.5
1042,2741,3.5
242,1856,2.5
853,2592,2.5
197,2865,3.0
389,2913,4.0
98,1678,3.5
334,232,1.0
490,1565,3.0
853,2874,3.0
696,2767,4.0
137,955,4.0
595,1991,3.0
821,132,0.5
104,1902,3.0
18,1189,3.0
750,2696,4.0
210,2990,2.0
106,2577,3.0
226,2601,2.5
557,2819,2.5
486,2708,2.0
0,1249,4.5
1067,633,4.0
422,2365,4.0
506,967,2.0
595,2263,3.0
938,213,4.0
731,1671,4.5
138,2455,4.0
224,729,4.0
768,310,2.0
7,883,5.0
373,339,3.0
204,1041,1.0
586,2839,4.0
157,1445,2.5
639,2872,4.5
490,1489,4.5
51,899,3.5
104,70,4.0
520,2405,3.0
595,2419,2.0
602,2431,3.0
1014,329,1.0
1002,68,2.5
743,1629,3.0
633,172,0.5
595,1694,3.0
877,438,2.0
936,26,1.0
595,1834,3.0
206,1990,4.0
104,1209,2.0
79,1712,2.0
88,1940,2.0
322,2437,3.5
544,2733,4.0
428,1704,4.0
595,2006,2.5
1043,46,3.0
563,1204,3.0
280,1317,2.0
856,2435,3.5
368,1701,3.5
134,852,4.0
153,2949,5.0
798,1543,4.0
714,1191,0.5
726,189,3.5
241,1328,3.0
453,2644,3.0
23,1298,3.0
22,1501,3.0
301,2654,3.0
135,2399,4.0
130,63,3.5
654,1364,3.0
67,608,2.0
239,2582,3.0
277,2703,4.0
51,2115,0.5
499,475,2.0
398,35,2.5
22,868,2.0
611,2406,3.0
533,1727,5.0
461,1825,4.0
50,332,3.0
864,2662,1.5
964,671,4.0
34,2452,3.5
290,2067,4.0
805,2579,2.5
843,1518,2.0
926,218,1.0
584,1956,4.0
864,489,3.0
625,2383,2.5
11,998,5.0
888,47,4.0
35,1004,4.0
102,526,3.0
679,679,4.0
345,2274,0.5
344,1762,3.5
106,2862,2.0
11,922,2.0
114,2051,1.5
716,343,5.0
220,2133,3.5
32,1375,3.5
781,689,1.0
867,1157,4.5
723,0,4.5
183,1254,5.0
237,2657,4.5
595,1773,3.5
104,2063,2.0
47,1433,3.5
157,1865,2.0
109,2081,5.0
778,2698,4.0
864,513,3.0
1014,290,4.0
76,1689,2.0
334,946,5.0
486,1066,4.0
22,428,3.0
754,411,1.0
484,1852,4.5
71,2624,2.5
27,1556,4.0
1033,71,1.5
7,2039,4.0
430,118,2.5
354,2242,3.0
595,2622,3.0
527,666,1.0
416,2976,0.5
595,2766,3.0
6,1341,2.5
788,193,3.5
864,187,2.5
533,2484,3.0
457,964,4.0
82,996,0.5
633,2030,0.5
889,363,3.5
864,728,3.5
864,497,3.5
750,1215,4.5
1078,199,3.0
67,931,5.0
365,892,2.0
104,2315,4.0
110,133,5.0
850,14,2.0
595,1421,3.0
36,1833,3.0
417,1827,5.0
371,1415,1.0
805,2717,1.0
541,2679,3.5
864,190,2.5
490,2686,3.5
982,486,3.0
55,1244,4.0
454,2776,4.0
424,1245,2.0
533,2446,5.0
653,2385,4.0
1048,2931,1.0
197,2538,4.0
335,1070,3.5
933,505,0.5
278,1260,5.0
11,2184,5.0
31,2343,4.0
646,2251,3.5
17,155,2.0
228,142,5.0
526,2258,3.0
226,2803,4.0
919,299,2.5
864,644,3.0
22,1301,2.0
227,1146,4.5
169,847,2.0
53,918,3.0
105,2773,4.5
1003,48,0.5
27,2678,5.0
1,2257,4.0
595,2293,3.0
559,765,1.5
701,2502,3.5
427,2614,2.0
490,1596,2.0
595,2716,3.0
126,2286,4.0
76,1733,3.0
283,2185,5.0
226,249,4.0
534,2910,3.5
533,1878,4.5
106,2021,3.0
829,1186,4.0
32,1931,3.5
539,2745,4.0
417,2260,4.0
22,875,3.0
104,1802,2.0
664,1018,4.0
389,1441,5.0
104,845,3.0
210,815,5.0
595,2050,2.5
11,748,5.0
997,291,1.0
490,149,2.5
805,2420,2.5
441,1097,4.5
256,2833,3.0
22,1591,5.0
685,2895,3.0
881,2756,4.0
106,2453,3.0
922,387,3.5
392,2171,3.0
548,2254,3.0
282,1617,3.0
226,1954,3.0
392,1088,3.5
14,961,5.0
595,2194,3.0
398,1605,3.0
663,445,2.5
22,315,4.0
624,1786,3.0
483,2612,3.0
595,1014,3.5
22,1324,4.0
383,2255,3.0
280,1106,3.0
189,2224,3.0
864,260,3.0
22,663,5.0
595,2396,3.0
505,2272,2.5
875,749,3.5
805,1970,2.5
533,2588,5.0
595,1362,2.5
864,2871,3.5
960,2798,3.5
457,2091,4.0
776,2629,2.0
541,2625,5.0
754,153,3.0
7,2120,2.0
223,1368,2.5
267,1306,2.0
1051,755,3.0
124,733,4.0
106,2000,4.0
10,2061,3.5
569,2417,5.0
725,706,1.5
784,137,3.0
460,371,3.0
843,2742,3.0
375,1358,1.0
864,515,3.5
91,1187,3.0
595,1286,3.0
595,2555,3.5
406,2468,4.5
941,714,4.5
459,2470,2.0
836,2825,3.5
595,1411,3.0
864,74,2.0
795,2898,2.5
595,1425,2.5
785,750,2.5
18,1986,3.0
11,2483,5.0
478,1855,4.5
44,2899,1.0
44,2532,4.0
246,1963,3.5
289,2681,4.5
595,1625,3.5
197,1831,3.0
137,1086,4.0
65,890,4.0
37,944,3.0
890,7,3.0
138,2988,4.0
22,1400,5.0
257,1081,3.0
398,2388,3.0
226,2429,3.5
595,1062,3.0
11,1335,5.0
150,360,3.0
212,1148,4.0
540,1549,3.0
13,2783,5.0
490,510,3.0
481,440,2.0
595,1123,2.5
90,1303,2.0
677,1213,2.0
167,1377,2.0
189,825,3.0
864,248,0.5
331,1826,3.5
299,2735,5.0
572,2121,4.5
376,2140,0.5
788,87,3.5
114,1572,2.5
36,970,2.5
629,2761,3.5
297,1838,0.5
841,378,1.5
161,1711,3.0
864,442,1.5
595,1436,3.0
595,2507,3.0
669,2727,4.0
713,2933,3.0
693,1599,3.5
544,89,4.0
155,21,4.0
754,773,0.5
226,1279,3.0
804,320,3.0
180,2583,4.0
411,1439,4.0
14,2269,3.5
682,2220,5.0
697,348,4.5
108,1555,4.5
114,1897,2.5
22,655,3.0
595,1023,3.5
33,2543,4.0
398,1588,4.0
694,2271,2.0
595,2723,3.0
922,173,3.5
817,2466,4.0
22,1488,4.0
864,610,3.0
952,2739,3.0
22,1223,4.0
226,1126,4.0
226,2367,4.0
595,2156,3.0
126,2670,4.0
334,1461,4.0
86,1158,2.5
595,1925,3.0
45,2186,0.5
1031,293,1.5
1047,2928,3.5
268,1100,2.0
1056,741,0.5
853,2884,3.5
226,571,3.0
979,263,2.5
864,182,3.0
292,365,2.0
286,1726,4.5
804,702,2.0
726,2329,1.0
414,2277,3.0
37,2080,4.0
239,148,4.0
381,1365,1.0
334,1952,3.0
50,861,5.0
414,1516,1.0
712,2375,3.0
22,962,4.0
556,1684,4.0
595,2151,3.0
623,254,4.0
595,2504,3.5
548,1168,2.0
702,1164,3.5
36,1210,4.0
785,405,4.0
626,2490,3.5
595,2660,3.0
149,979,3.0
157,1118,4.0
531,1687,3.5
595,2621,3.0
703,2843,3.0
805,2408,3.5
90,2800,4.0
235,2551,3.0
36,2535,3.0
173,2840,4.0
131,359,2.0
810,1016,3.0
525,337,4.0
362,1845,4.5
775,1430,3.0
533,1686,4.5
53,285,3.0
266,1573,1.0
774,247,3.5
13,2165,5.0
22,1507,3.0
400,647,2.5
545,563,2.0
235,2438,2.5
239,1750,3.5
578,2649,3.5
595,1032,4.0
11,256,5.0
765,11,3.5
947,2627,3.5
104,1513,3.0
805,196,1.5
466,2901,5.0
230,2041,4.0
476,1663,3.5
463,1737,2.5
371,2036,4.5
344,2071,4.0
864,331,3.0
278,2048,5.0
159,2136,3.0
540,2410,4.0
1071,2982,3.0
423,2586,2.5
7,884,3.0
454,1355,2.0
417,1960,4.0
98,2345,3.5
533,1044,3.5
22,1502,4.0
289,1250,4.0
226,166,3.0
412,2318,3.0
864,2979,2.0
307,1705,2.5
148,2208,0.5
80,913,3.0
918,267,3.0
11,950,3.0
592,2964,4.5
829,274,2.5
169,1848,2.0
604,15,3.0
850,625,4.0
257,2972,2.0
512,2322,1.0
490,115,3.0
788,203,2.5
393,2363,2.5
426,1423,0.5
434,1370,2.0
1010,33,1.5
794,222,3.5
793,97,3.0
296,670,4.0
745,1579,2.5
388,2608,4.0
761,597,3.0
914,708,3.0
750,1127,5.0
29,1767,2.5
47,1932,3.0
145,1774,2.0
324,2291,3.0
104,2917,3.0
370,2549,4.5
843,135,2.0
483,2633,3.0
484,241,3.5
788,2604,2.5
539,536,3.5
765,2847,3.0
69,1247,5.0
663,1926,2.5
298,1824,1.5
771,1269,1.0
10,2002,3.0
529,105,2.0
254,1752,3.5
359,2598,4.0
358,1095,4.0
226,1682,4.0
218,2191,0.5
393,1680,2.5
398,2168,2.5
655,1961,3.5
91,1169,1.0
1042,554,2.5
389,1936,5.0
351,2104,3.0
148,1730,2.5
172,9,3.0
880,17,1.0
864,1369,4.0
135,1366,3.0
879,10,0.5
11,2462,5.0
11,1329,5.0
303,719,4.5
476,2175,4.0
134,1481,3.0
708,581,4.0
458,2192,3.0
297,1920,2.0
207,924,2.0
490,2572,4.0
232,910,3.0
595,2707,3.0
955,357,3.5
805,2704,2.5
533,2137,3.5
226,1700,3.5
650,236,3.0
541,2661,3.5
189,878,2.0
304,1953,5.0
665,2,4.0
369,2268,3.5
272,2062,3.0
620,2124,3.5
326,1134,4.5
36,843,2.0
864,550,2.0
18,630,4.0
957,667,1.0
811,77,1.5
342,2637,3.0
195,1778,4.0
572,1141,2.5
645,259,3.5
832,1082,5.0
486,2370,3.5
11,855,2.0
56,711,4.0
22,1115,3.0
104,1989,3.0
133,848,4.0
7,997,3.0
83,1792,1.0
1048,2515,3.5
864,1232,3.5
853,347,3.0
53,2873,3.0
393,2188,3.0
490,1458,3.0
487,541,3.0
242,1642,1.0
163,1797,4.0
846,1907,3.5
389,1413,4.0
604,2694,3.0
864,1709,3.0
864,2897,4.0
816,367,4.0
309,799,1.0
144,439,5.0
104,903,2.0
1029,583,2.0
604,2098,4.5
1049,429,1.5
811,2905,2.0
36,1546,2.5
727,2107,3.5
36,819,3.0
714,1417,4.0
339,1945,4.0
595,1124,3.5
104,2932,2.0
850,424,4.0
43,1674,4.0
595,1962,3.5
754,2527,4.0
81,2218,1.0
331,2552,2.5
53,2374,3.0
595,2197,3.0
853,1013,3.5
128,2428,3.0
1004,304,5.0
724,461,2.5
104,2471,4.0
250,2547,4.0
1001,731,1.5
751,195,3.0
334,2025,5.0
557,2991,3.5
750,1034,3.5
885,2919,3.0
884,683,3.0
687,318,5.0
711,2997,0.5
595,2702,3.0
37,2827,4.0
104,1851,4.0
134,1593,4.0
197,1272,3.0
389,2265,3.5
411,1766,3.5
296,1277,4.5
738,2851,3.5
363,2585,3.5
662,2432,2.0
661,1240,5.0
268,2906,2.0
36,1604,3.5
595,1069,3.0
226,1068,3.5
864,253,3.0
841,720,4.5
708,2911,3.5
595,2730,3.0
595,2398,3.0
11,2902,3.0
853,79,3.5
106,2930,3.0
533,2426,4.5
1044,490,4.0
1072,616,2.0
566,1592,1.0
782,119,3.5
226,846,4.0
934,2962,4.0
595,1045,3.0
805,1626,2.5
22,1010,2.0
652,1096,3.5
50,1691,3.0
490,43,3.5
750,530,5.0
597,328,1.0
805,2837,2.0
36,963,3.0
548,2774,3.0
595,2155,3.0
434,2221,4.5
782,1624,2.5
43,1864,5.0
527,642,1.0
358,257,5.0
145,2838,3.5
353,1361,2.5
137,1550,2.0
34,1402,5.0
896,2977,3.0
773,1997,2.5
13,1144,4.5
642,1601,4.0
717,478,2.5
595,1396,3.5
68,1656,4.0
1048,82,3.5
36,1635,3.5
548,1693,2.5
13,587,3.5
239,2545,4.0
842,2557,1.0
803,637,0.5
161,2015,2.5
191,1318,5.0
444,887,3.0
1068,771,3.5
823,492,4.0
864,2746,4.5
24,313,4.0
212,2369,5.0
48,2465,2.5
490,2957,2.0
490,2888,4.0
446,2350,5.0
286,2732,2.5
76,1806,4.0
798,2750,4.0
104,2457,4.0
50,648,4.0
18,436,4.0
915,595,1.5
1026,225,0.5
864,2722,2.5
196,889,5.0
5,125,3.0
473,1110,4.0
1071,163,2.5
489,31,4.0
310,390,2.5
864,2951,2.5
811,542,3.0
126,2116,5.0
36,1869,2.0
690,94,4.5
58,758,5.0
993,779,3.0
838,584,0.5
323,1446,4.0
595,2280,3.0
219,1837,4.0
104,1761,4.0
595,1197,2.5
13,1785,5.0
113,657,4.0
490,1734,3.5
747,2495,2.0
154,745,4.0
596,104,4.5
104,1243,2.0
805,1274,2.5
864,568,3.5
670,350,0.5
34,1595,3.0
286,2400,4.0
919,301,2.5
389,1483,3.5
104,826,4.0
1017,694,5.0
27,668,5.0
331,1076,3.5
864,169,1.0
630,1242,1.5
155,1340,4.0
54,921,2.0
788,295,4.0
161,1478,2.5
710,2760,4.0
47,2683,3.0
59,1278,5.0
154,695,2.0
419,2173,5.0
864,574,3.0
651,2576,3.0
205,1561,4.5
1055,763,3.5
864,1557,5.0
96,2333,4.0
189,1982,5.0
864,538,3.0
509,2276,3.0
754,2395,2.5
595,2034,2.0
114,2077,2.0
58,2830,4.0
67,840,3.0
811,168,2.5
198,2886,3.5
1042,552,3.0
212,2706,4.0
864,92,3.0
376,1937,0.5
694,2202,2.0
652,2354,3.0
104,1886,2.0
853,2923,1.0
595,1491,3.0
226,2565,3.5
418,879,3.0
595,2513,3.5
524,1181,3.0
11,2863,4.0
47,2195,3.0
246,1440,3.0
823,1974,3.5
19,1404,4.5
773,2010,3.5
864,2813,3.5
595,1731,3.0
828,2225,3.5
344,2983,3.5
141,1816,4.5
552,2332,4.0
852,579,1.0
22,2384,5.0
208,831,2.0
35,1758,3.0
506,965,1.0
414,2600,3.0
147,1965,2.0
217,1466,3.0
22,512,2.0
712,2887,3.0
714,2519,2.0
523,2656,2.0
864,643,3.5
87,1628,4.0
628,338,2.5
7,443,1.0
1009,134,2.0
720,246,2.5
937,252,3.0
704,2952,2.5
22,1258,3.0
780,604,4.5
595,2581,3.5
864,641,3.5
1015,353,3.5
145,1151,3.5
192,2615,3.5
134,2270,3.0
7,1908,4.0
367,404,3.0
750,567,3.5
36,2781,4.0
186,937,4.0
978,533,2.0
490,108,2.5
686,598,3.0
36,803,1.0
212,1033,5.0
226,2026,3.5
171,1765,1.0
583,1333,4.5
851,2442,3.5
37,2849,4.0
558,507,3.5
864,766,0.5
81,853,1.5
35,985,2.5
806,57,3.0
461,2650,4.5
315,2308,1.0
498,1638,5.0
189,2103,3.0
11,818,3.0
482,2052,1.0
476,1882,3.5
3,770,3.0
13,1320,5.0
866,300,2.0
540,1564,3.5
1012,55,3.5
1048,2697,2.5
465,385,4.5
36,1248,4.0
981,1218,2.5
490,117,2.5
622,1759,2.0
1041,400,4.0
693,366,2.5
157,2404,3.0
490,1264,4.0
361,1429,4.0
595,1631,2.0
226,1913,3.5
595,2241,3.5
676,786,4.0
515,2085,2.0
595,2785,3.5
409,1422,2.5
776,2966,3.5
23,949,3.0
864,408,1.0
1080,283,3.5
22,1239,4.0
864,506,2.5
389,1670,4.0
116,522,2.0
263,1253,3.0
556,2099,3.5
357,1454,4.0
846,2870,2.5
439,2206,2.0
763,2669,2.0
750,398,2.5
145,1666,3.0
287,1103,2.0
901,740,2.5
7,860,3.0
595,2524,3.5
533,2079,4.5
822,80,0.5
363,2653,5.0
398,2357,3.0
48,1728,3.5
974,635,0.5
389,2199,4.0
348,895,3.0
853,2559,2.5
280,2448,3.0
81,1644,1.5
330,1350,5.0
819,2130,3.5
773,184,3.0
425,2239,2.0
561,1979,3.0
194,1381,5.0
1011,677,3.0
461,1676,4.5
226,739,4.0
1033,69,1.5
189,896,2.0
817,795,3.5
1055,760,3.0
769,1872,4.0
286,2503,4.0
411,2287,4.5
476,2238,4.0
924,340,3.5
864,2809,3.5
933,1104,0.5
11,2950,4.0
102,2314,4.0
53,981,3.0
864,2860,2.5
156,1428,3.5
344,1020,3.5
571,2695,3.0
430,1224,3.5
259,2323,3.0
216,2522,4.0
865,2575,1.0
576,1873,5.0
451,1984,3.0
805,1448,3.0
749,2651,4.5
390,1754,1.0
227,1791,4.5
126,1024,5.0
705,1702,4.5
595,1648,3.0
167,1659,3.0
197,2101,4.0
97,2347,4.0
35,1658,4.0
864,2945,3.5
39,1185,4.0
324,150,5.0
227,2613,3.5
1042,555,2.5
27,1012,4.0
212,1842,3.5
492,2646,4.0
509,1196,3.5
826,2546,2.5
750,243,4.0
331,1585,4.0
226,2691,4.0
414,1890,2.0
130,2355,4.0
31,1779,1.0
321,317,2.0
663,2366,3.0
90,1217,5.0
762,698,5.0
943,504,2.5
618,298,3.0
22,866,2.0
10,2057,2.0
945,600,5.0
518,1808,0.5
509,1234,3.5
104,1804,3.0
411,382,4.5
595,2719,2.5
658,2709,3.5
805,1597,2.0
946,1183,2.5
902,288,2.5
226,2907,3.0
147,2275,3.0
898,529,3.0
225,1346,4.5
496,1161,4.5
817,764,3.5
239,2768,3.0
595,1163,3.5
317,2189,5.0
361,2135,1.5
1,454,3.0
393,2335,3.5
909,2959,0.5
531,72,4.5
221,2528,4.0
1055,753,3.0
65,1828,5.0
194,1374,4.0
990,124,4.0
490,2713,3.0
157,1677,3.0
10,1988,3.5
22,297,5.0
694,2460,2.0
595,2806,2.5
895,164,3.5
100,933,3.5
1069,140,2.0
956,396,3.5
636,841,4.0
286,1948,4.0
243,1619,2.0
260,1121,1.5
7,1322,3.0
64,2960,2.0
595,1064,3.0
776,2668,2.5
239,2422,4.0
118,175,3.0
11,1973,3.0
82,1036,3.0
490,459,3.5
155,1378,3.0
722,121,5.0
424,1793,3.0
167,1205,2.5
1000,30,3.0
595,1812,3.0
765,13,2.0
389,588,4.0
43,1810,3.0
61,876,4.0
361,2011,2.0
521,1133,4.5
737,22,4.0
3,618,3.0
110,130,4.0
1,1002,3.0
344,1099,4.0
846,1334,3.0
104,2665,4.0
22,1521,1.0
595,2382,2.5
318,1881,4.5
303,2340,3.5
805,2518,2.5
864,2533,2.0
54,2824,4.5
36,2770,3.5
823,2237,3.0
322,1582,4.0
1053,103,1.0
632,2529,3.0
286,1860,3.5
853,211,3.5
595,1059,3.0
864,2501,3.5
178,1500,3.0
657,322,2.0
7,942,2.0
144,1651,5.0
595,1119,3.5
74,202,4.0
86,2183,3.0
864,1967,5.0
863,781,3.5
22,863,2.0
911,737,0.5
41,2289,5.0
398,2841,4.0
864,493,3.5
755,690,3.5
770,1969,5.0
595,2267,3.0
379,2791,4.5
533,1941,2.5
595,1528,3.0
595,1029,3.5
414,928,2.0
414,1363,3.0
777,460,2.5
179,1284,1.0
765,266,3.0
578,1265,2.5
480,1610,4.0
939,619,4.5
595,2118,2.5
31,1611,2.5
258,590,2.0
595,2210,3.5
173,1633,4.0
10,891,2.5
517,1469,4.0
421,2348,3.0
729,1836,4.0
235,2486,4.5
189,525,4.0
476,566,5.0
864,691,1.5
533,2217,5.0
120,1173,5.0
386,2992,4.0
11,1880,4.0
501,1202,4.0
156,1035,2.5
106,1412,3.0
456,1420,2.5
527,2743,1.0
22,1309,3.0
514,1673,1.0
130,1669,3.0
811,1084,3.0
168,224,3.5
746,2166,3.5
391,2607,2.0
1050,699,3.0
157,1114,3.5
700,84,4.5
90,1353,5.0
38,2673,5.0
695,98,4.5
330,1575,0.5
226,1138,4.0
595,2427,4.0
541,1075,3.5
502,1401,3.5
13,450,5.0
1,1917,3.0
1,1056,4.0
684,457,0.5
493,2283,5.0
602,314,3.0
539,56,2.0
393,2634,3.0
244,894,3.0
208,192,3.0
469,1912,0.5
606,277,3.0
643,2203,3.0
290,2403,4.0
22,1344,2.0
1,1551,4.0
104,2929,3.0
943,2737,2.0
860,2073,2.0
53,2609,3.0
1035,268,3.5
36,449,4.0
389,1918,4.0
595,1463,3.5
730,688,4.5
912,768,5.0
955,2961,1.5
22,482,3.0
817,797,3.5
540,2488,3.5
887,783,4.0
70,1342,5.0
343,1512,3.0
610,369,2.5
600,650,4.0
533,2232,4.0
922,509,3.0
533,2311,3.5
965,673,5.0
864,2885,3.0
722,380,5.0
226,2882,4.0
226,1193,4.0
7,2617,2.0
56,594,2.0
130,1939,3.5
136,2198,4.0
811,592,2.0
226,1530,3.5
885,2859,3.0
22,112,2.0
595,2747,3.0
911,615,1.0
213,1696,4.0
595,2304,3.0
454,1311,3.0
712,2894,4.0
203,869,4.0
60,945,3.0
864,186,5.0
633,1143,0.5
344,2240,2.5
350,1566,1.0
490,484,3.5
591,2066,4.0
218,1432,3.0
226,2778,3.5
36,421,3.5
0,271,5.0
959,368,4.5
106,2464,3.5
104,1337,4.0
339,2138,4.0
226,2587,3.5
53,827,4.0
47,978,4.0
199,177,3.0
71,2273,4.5
476,1434,3.5
290,2148,2.0
604,2826,4.0
760,1211,5.0
212,1620,3.5
566,364,1.0
27,2364,3.0
1033,37,2.0
41,1352,5.0
106,39,4.5
468,2771,4.0
180,984,4.0
666,811,3.0
490,2526,2.5
712,113,2.0
334,2939,5.0
604,2606,4.0
398,2008,4.0
864,377,3.0
1045,178,3.5
18,926,3.5
126,1450,4.0
11,697,5.0
686,599,3.0
22,980,2.0
750,2147,3.5
126,2170,3.0
366,2890,4.5
714,2531,2.5
831,156,4.0
18,2152,4.0
565,2787,3.0
809,123,0.5
864,551,3.5
853,1058,3.0
34,2054,5.0
398,2414,2.5
537,2499,4.0
864,1484,3.0
573,1819,5.0
750,78,1.5
132,2204,5.0
94,2628,3.0
10,2055,2.5
705,208,0.5
533,1319,5.0
805,1930,2.0
28,1888,4.0
398,1255,3.5
986,2881,2.5
14,1008,4.5
235,2094,3.5
595,2317,3.5
730,205,4.5
316,144,5.0
72,1280,5.0
226,1889,2.5
54,2623,2.5
226,1630,3.5
247,2020,4.5
805,2390,2.0
36,470,3.0
1,2102,3.0
398,2986,3.0
819,498,2.5
750,214,4.5
799,379,5.0
337,2038,2.5
389,1829,4.0
8,430,2.5
197,2016,1.0
36,2234,3.0
365,1490,3.0
805,2640,2.0
36,800,2.0
29,1717,3.5
864,198,2.5
855,2157,5.0
802,2032,2.0
596,1065,4.0
780,2278,4.0
962,284,3.5
25,1523,3.0
872,532,0.5
134,2740,2.0
278,2362,3.5
11,1529,4.0
57,1281,2.0
275,1772,4.5
509,101,3.0
733,2187,4.0
334,1879,5.0
22,1510,3.0
864,265,1.5
334,1580,5.0
530,1153,2.5
850,433,2.0
509,90,3.0
167,2688,4.5
595,1040,3.5
21,857,4.0
14,911,5.0
864,395,2.5
90,850,3.0
52,2792,4.0
892,330,4.5
226,1562,3.5
389,1723,3.0
714,2436,2.5
467,2144,4.5
410,1608,4.0
185,2560,4.0
10,1994,2.5
39,2857,5.0
552,2472,4.0
533,2196,4.5
238,1883,3.0
455,1703,5.0
224,303,4.0
935,761,2.0
994,796,3.0
617,1140,3.5
11,335,5.0
864,374,3.5
1015,352,2.5
874,261,3.5
533,2393,4.0
705,305,2.5
226,2832,3.0
154,734,3.0
951,1162,2.0
57,29,3.5
22,1942,3.0
477,2721,3.5
864,2938,3.5
36,1944,3.0
490,96,2.5
37,2537,4.0
757,456,4.0
99,2075,3.5
691,1732,1.0
534,1798,3.0
39,1476,4.5
588,120,4.0
135,2567,4.0
595,1627,3.5
973,712,4.0
750,1987,4.0
288,614,4.0
206,2017,2.0
533,1208,4.0
871,2394,5.0
13,1935,5.0
72,481,3.0
475,2445,3.0
197,1170,3.0
560,2113,3.0
226,1154,3.0
447,1695,3.0
145,1981,4.5
754,2728,4.0
1052,658,1.0
300,2444,3.5
41,1331,4.0
812,631,1.0
257,1332,4.0
824,721,5.0
615,1136,1.5
12,916,4.5
82,1305,1.0
853,167,3.5
411,1113,4.5
356,1957,4.5
533,1968,5.0
965,672,5.0
490,2249,3.5
485,1887,1.5
955,145,3.0
595,1958,3.0
220,2710,4.5
35,1685,3.0
595,2493,3.0
390,835,3.0
595,1090,4.0
527,582,1.0
290,2828,4.0
787,1220,0.5
36,923,2.0
53,2570,3.0
864,1639,3.0
805,1201,2.0
864,649,3.5
197,2325,2.0
647,307,0.5
932,2712,3.5
674,242,3.5
115,1525,4.0
104,1777,3.0
123,2126,2.5
119,2216,4.0
1074,2753,2.5
476,940,4.0
1063,2591,2.5
13,278,3.5
328,2664,0.5
395,262,3.0
595,1051,3.0
513,2811,2.5
13,1323,4.5
998,3,4.0
133,2680,3.0
541,1166,0.5
893,2729,1.0
106,1643,2.0
2,1359,3.0
533,2352,4.5
595,1532,3.5
531,53,3.0
607,2342,3.5
488,209,2.5
1019,747,3.5
557,1105,3.0
798,2319,3.5
104,1770,2.0
878,624,4.5
662,2070,1.0
104,2158,3.0
977,564,3.0
29,561,5.0
355,1416,4.0
53,2368,3.0
94,2548,3.0
595,2248,4.0
406,2763,4.5
75,480,4.0
452,2159,2.0
190,1753,4.0
534,593,4.0
497,1195,4.0
988,464,4.0
43,1681,5.0
552,2215,4.0
121,1893,2.0
829,2467,2.5
995,447,2.0
845,1171,3.0
777,36,1.5
75,437,3.0
906,1227,3.5
864,2852,3.0
619,127,2.5
509,2980,2.5
197,2119,2.0
779,2909,1.5
864,2671,2.5
36,501,3.0
454,575,4.0
106,2485,3.5
104,1571,2.0
334,1972,5.0
904,237,4.5
1060,669,2.0
443,1180,3.0
698,2595,3.0
274,938,3.0
555,1261,4.0
36,859,3.0
683,1589,3.0
7,2253,4.0
846,2689,3.5
424,2782,2.0
8,1486,5.0
249,1977,1.5
1013,792,3.0
104,1664,2.0
211,2089,5.0
157,1135,3.0
940,41,2.0
378,469,4.0
641,141,5.0
783,1177,4.0
595,1570,3.0
22,867,2.0
106,2858,3.0
1075,793,3.5
226,1028,4.0
864,319,5.0
90,1383,5.0
7,1345,3.0
22,2494,4.0
864,471,3.0
991,494,3.5
604,1775,2.0
28,1457,5.0
511,2475,4.0
490,485,3.5
393,1809,2.5
411,2786,3.5
869,162,1.0
1066,718,0.5
37,2845,4.0
483,1650,4.0
631,76,3.0
931,2554,5.0
864,2842,2.5
640,1655,3.5
864,685,2.5
104,1665,3.0
36,822,1.0
189,2780,3.0
510,34,2.0
456,2029,2.5
226,2019,3.5
791,1590,4.0
262,2027,2.0
937,1652,2.5
853,2853,3.5
167,1814,4.5
1079,660,0.5
835,2418,2.0
864,724,1.5
14,139,5.0
976,434,5.0
7,973,3.0
589,2474,1.0
765,787,3.0
7,1832,2.0
334,2692,3.0
659,2578,4.5
14,1541,4.5
679,790,1.0
129,2711,5.0
487,537,2.5
37,1061,4.0
39,1083,3.5
281,1021,3.5
628,448,0.5
294,2047,3.0
595,2978,3.0
789,270,2.0
554,325,0.5
530,2106,4.0
929,778,2.0
670,2164,3.0
313,1011,3.5
925,681,3.0
966,2327,4.0
293,1067,1.0
864,452,2.5
164,1769,3.0
595,1534,3.0
393,1683,3.5
996,4,2.0
106,2387,3.0
771,1399,1.0
595,2821,3.0
176,1386,5.0
189,2489,1.0
864,1165,4.0
647,85,0.5
359,2573,3.0
385,1287,2.0
382,1390,3.0
